,Year,Season,City,Sport,Player_Count
0,1896,Summer,Athina,Athletics,106
1,1896,Summer,Athina,Cycling,41
2,1896,Summer,Athina,Fencing,15
3,1896,Summer,Athina,Gymnastics,97
4,1896,Summer,Athina,Shooting,65
5,1896,Summer,Athina,Swimming,18
6,1896,Summer,Athina,Tennis,23
7,1896,Summer,Athina,Weightlifting,10
8,1896,Summer,Athina,Wrestling,5
9,1900,Summer,Paris,Archery,32
10,1900,Summer,Paris,Athletics,234
11,1900,Summer,Paris,Basque Pelota,2
12,1900,Summer,Paris,Cricket,24
13,1900,Summer,Paris,Croquet,19
14,1900,Summer,Paris,Cycling,92
15,1900,Summer,Paris,Equestrianism,79
16,1900,Summer,Paris,Fencing,317
17,1900,Summer,Paris,Football,35
18,1900,Summer,Paris,Golf,22
19,1900,Summer,Paris,Gymnastics,135
20,1900,Summer,Paris,Polo,21
21,1900,Summer,Paris,Rowing,133
22,1900,Summer,Paris,Rugby,47
23,1900,Summer,Paris,Sailing,280
24,1900,Summer,Paris,Shooting,221
25,1900,Summer,Paris,Swimming,131
26,1900,Summer,Paris,Tennis,47
27,1900,Summer,Paris,Tug-Of-War,12
28,1900,Summer,Paris,Water Polo,53
29,1904,Summer,St. Louis,Archery,70
30,1904,Summer,St. Louis,Athletics,201
31,1904,Summer,St. Louis,Boxing,24
32,1904,Summer,St. Louis,Cycling,61
33,1904,Summer,St. Louis,Diving,5
34,1904,Summer,St. Louis,Fencing,28
35,1904,Summer,St. Louis,Football,36
36,1904,Summer,St. Louis,Golf,105
37,1904,Summer,St. Louis,Gymnastics,458
38,1904,Summer,St. Louis,Lacrosse,36
39,1904,Summer,St. Louis,Roque,4
40,1904,Summer,St. Louis,Rowing,46
41,1904,Summer,St. Louis,Swimming,64
42,1904,Summer,St. Louis,Tennis,57
43,1904,Summer,St. Louis,Tug-Of-War,30
44,1904,Summer,St. Louis,Water Polo,21
45,1904,Summer,St. Louis,Weightlifting,7
46,1904,Summer,St. Louis,Wrestling,48
47,1906,Summer,Athina,Athletics,470
48,1906,Summer,Athina,Cycling,138
49,1906,Summer,Athina,Diving,24
50,1906,Summer,Athina,Fencing,161
51,1906,Summer,Athina,Football,45
52,1906,Summer,Athina,Gymnastics,156
53,1906,Summer,Athina,Rowing,200
54,1906,Summer,Athina,Shooting,320
55,1906,Summer,Athina,Swimming,78
56,1906,Summer,Athina,Tennis,48
57,1906,Summer,Athina,Tug-Of-War,32
58,1906,Summer,Athina,Weightlifting,22
59,1906,Summer,Athina,Wrestling,39
60,1908,Summer,London,Archery,77
61,1908,Summer,London,Athletics,778
62,1908,Summer,London,Boxing,42
63,1908,Summer,London,Cycling,269
64,1908,Summer,London,Diving,47
65,1908,Summer,London,Fencing,240
66,1908,Summer,London,Figure Skating,23
67,1908,Summer,London,Football,72
68,1908,Summer,London,Gymnastics,349
69,1908,Summer,London,Hockey,68
70,1908,Summer,London,Jeu De Paume,11
71,1908,Summer,London,Lacrosse,24
72,1908,Summer,London,Motorboating,17
73,1908,Summer,London,Polo,12
74,1908,Summer,London,Racquets,12
75,1908,Summer,London,Rowing,87
76,1908,Summer,London,Rugby,30
77,1908,Summer,London,Sailing,64
78,1908,Summer,London,Shooting,444
79,1908,Summer,London,Swimming,150
80,1908,Summer,London,Tennis,84
81,1908,Summer,London,Tug-Of-War,40
82,1908,Summer,London,Water Polo,28
83,1908,Summer,London,Wrestling,133
84,1912,Summer,Stockholm,Art Competitions,33
85,1912,Summer,Stockholm,Athletics,962
86,1912,Summer,Stockholm,Cycling,242
87,1912,Summer,Stockholm,Diving,86
88,1912,Summer,Stockholm,Equestrianism,128
89,1912,Summer,Stockholm,Fencing,379
90,1912,Summer,Stockholm,Football,163
91,1912,Summer,Stockholm,Gymnastics,310
92,1912,Summer,Stockholm,Modern Pentathlon,32
93,1912,Summer,Stockholm,Rowing,197
94,1912,Summer,Stockholm,Sailing,109
95,1912,Summer,Stockholm,Shooting,794
96,1912,Summer,Stockholm,Swimming,201
97,1912,Summer,Stockholm,Tennis,173
98,1912,Summer,Stockholm,Tug-Of-War,16
99,1912,Summer,Stockholm,Water Polo,45
100,1912,Summer,Stockholm,Wrestling,170
101,1920,Summer,Antwerpen,Archery,86
102,1920,Summer,Antwerpen,Art Competitions,11
103,1920,Summer,Antwerpen,Athletics,849
104,1920,Summer,Antwerpen,Boxing,116
105,1920,Summer,Antwerpen,Cycling,212
106,1920,Summer,Antwerpen,Diving,70
107,1920,Summer,Antwerpen,Equestrianism,132
108,1920,Summer,Antwerpen,Fencing,350
109,1920,Summer,Antwerpen,Figure Skating,31
110,1920,Summer,Antwerpen,Football,190
111,1920,Summer,Antwerpen,Gymnastics,263
112,1920,Summer,Antwerpen,Hockey,51
113,1920,Summer,Antwerpen,Ice Hockey,60
114,1920,Summer,Antwerpen,Modern Pentathlon,23
115,1920,Summer,Antwerpen,Polo,17
116,1920,Summer,Antwerpen,Rowing,144
117,1920,Summer,Antwerpen,Rugby,31
118,1920,Summer,Antwerpen,Sailing,101
119,1920,Summer,Antwerpen,Shooting,838
120,1920,Summer,Antwerpen,Swimming,209
121,1920,Summer,Antwerpen,Tennis,153
122,1920,Summer,Antwerpen,Tug-Of-War,40
123,1920,Summer,Antwerpen,Water Polo,101
124,1920,Summer,Antwerpen,Weightlifting,53
125,1920,Summer,Antwerpen,Wrestling,161
126,1924,Summer,Paris,Art Competitions,318
127,1924,Summer,Paris,Athletics,1003
128,1924,Summer,Paris,Boxing,181
129,1924,Summer,Paris,Cycling,249
130,1924,Summer,Paris,Diving,90
131,1924,Summer,Paris,Equestrianism,194
132,1924,Summer,Paris,Fencing,424
133,1924,Summer,Paris,Football,279
134,1924,Summer,Paris,Gymnastics,638
135,1924,Summer,Paris,Modern Pentathlon,38
136,1924,Summer,Paris,Polo,24
137,1924,Summer,Paris,Rowing,196
138,1924,Summer,Paris,Rugby,54
139,1924,Summer,Paris,Sailing,69
140,1924,Summer,Paris,Shooting,508
141,1924,Summer,Paris,Swimming,263
142,1924,Summer,Paris,Tennis,253
143,1924,Summer,Paris,Water Polo,101
144,1924,Summer,Paris,Weightlifting,107
145,1924,Summer,Paris,Wrestling,244
156,1928,Summer,Amsterdam,Art Competitions,808
157,1928,Summer,Amsterdam,Athletics,992
158,1928,Summer,Amsterdam,Boxing,144
159,1928,Summer,Amsterdam,Cycling,227
160,1928,Summer,Amsterdam,Diving,74
161,1928,Summer,Amsterdam,Equestrianism,232
162,1928,Summer,Amsterdam,Fencing,430
163,1928,Summer,Amsterdam,Football,219
164,1928,Summer,Amsterdam,Gymnastics,664
165,1928,Summer,Amsterdam,Hockey,137
166,1928,Summer,Amsterdam,Modern Pentathlon,37
167,1928,Summer,Amsterdam,Rowing,247
168,1928,Summer,Amsterdam,Sailing,128
169,1928,Summer,Amsterdam,Swimming,278
170,1928,Summer,Amsterdam,Water Polo,112
171,1928,Summer,Amsterdam,Weightlifting,94
172,1928,Summer,Amsterdam,Wrestling,169
181,1932,Summer,Los Angeles,Alpinism,2
182,1932,Summer,Los Angeles,Art Competitions,1124
183,1932,Summer,Los Angeles,Athletics,522
184,1932,Summer,Los Angeles,Boxing,85
185,1932,Summer,Los Angeles,Cycling,109
186,1932,Summer,Los Angeles,Diving,36
187,1932,Summer,Los Angeles,Equestrianism,65
188,1932,Summer,Los Angeles,Fencing,192
189,1932,Summer,Los Angeles,Gymnastics,147
190,1932,Summer,Los Angeles,Hockey,40
191,1932,Summer,Los Angeles,Modern Pentathlon,25
192,1932,Summer,Los Angeles,Rowing,166
193,1932,Summer,Los Angeles,Sailing,57
194,1932,Summer,Los Angeles,Shooting,44
195,1932,Summer,Los Angeles,Swimming,195
196,1932,Summer,Los Angeles,Water Polo,41
197,1932,Summer,Los Angeles,Weightlifting,29
198,1932,Summer,Los Angeles,Wrestling,90
206,1936,Summer,Berlin,Aeronautics,1
207,1936,Summer,Berlin,Alpinism,2
208,1936,Summer,Berlin,Art Competitions,813
209,1936,Summer,Berlin,Athletics,1007
210,1936,Summer,Berlin,Basketball,199
211,1936,Summer,Berlin,Boxing,179
212,1936,Summer,Berlin,Canoeing,143
213,1936,Summer,Berlin,Cycling,301
214,1936,Summer,Berlin,Diving,88
215,1936,Summer,Berlin,Equestrianism,256
216,1936,Summer,Berlin,Fencing,556
217,1936,Summer,Berlin,Football,201
218,1936,Summer,Berlin,Gymnastics,947
219,1936,Summer,Berlin,Handball,105
220,1936,Summer,Berlin,Hockey,167
221,1936,Summer,Berlin,Modern Pentathlon,42
222,1936,Summer,Berlin,Polo,21
223,1936,Summer,Berlin,Rowing,348
224,1936,Summer,Berlin,Sailing,172
225,1936,Summer,Berlin,Shooting,162
226,1936,Summer,Berlin,Swimming,364
227,1936,Summer,Berlin,Water Polo,142
228,1936,Summer,Berlin,Weightlifting,80
229,1936,Summer,Berlin,Wrestling,210
238,1948,Summer,London,Art Competitions,471
239,1948,Summer,London,Athletics,1051
240,1948,Summer,London,Basketball,287
241,1948,Summer,London,Boxing,205
242,1948,Summer,London,Canoeing,139
243,1948,Summer,London,Cycling,320
244,1948,Summer,London,Diving,84
245,1948,Summer,London,Equestrianism,207
246,1948,Summer,London,Fencing,508
247,1948,Summer,London,Football,218
248,1948,Summer,London,Gymnastics,1060
249,1948,Summer,London,Hockey,187
250,1948,Summer,London,Modern Pentathlon,45
251,1948,Summer,London,Rowing,318
252,1948,Summer,London,Sailing,186
253,1948,Summer,London,Shooting,216
254,1948,Summer,London,Swimming,398
255,1948,Summer,London,Water Polo,156
256,1948,Summer,London,Weightlifting,120
257,1948,Summer,London,Wrestling,229
267,1952,Summer,Helsinki,Athletics,1344
268,1952,Summer,Helsinki,Basketball,294
269,1952,Summer,Helsinki,Boxing,249
270,1952,Summer,Helsinki,Canoeing,184
271,1952,Summer,Helsinki,Cycling,389
272,1952,Summer,Helsinki,Diving,97
273,1952,Summer,Helsinki,Equestrianism,263
274,1952,Summer,Helsinki,Fencing,509
275,1952,Summer,Helsinki,Football,294
276,1952,Summer,Helsinki,Gymnastics,2391
277,1952,Summer,Helsinki,Hockey,157
278,1952,Summer,Helsinki,Modern Pentathlon,99
279,1952,Summer,Helsinki,Rowing,406
280,1952,Summer,Helsinki,Sailing,227
281,1952,Summer,Helsinki,Shooting,289
282,1952,Summer,Helsinki,Swimming,483
283,1952,Summer,Helsinki,Water Polo,191
284,1952,Summer,Helsinki,Weightlifting,142
285,1952,Summer,Helsinki,Wrestling,262
294,1956,Summer,Melbourne,Athletics,1013
295,1956,Summer,Melbourne,Basketball,169
296,1956,Summer,Melbourne,Boxing,161
297,1956,Summer,Melbourne,Canoeing,146
298,1956,Summer,Melbourne,Cycling,292
299,1956,Summer,Melbourne,Diving,82
300,1956,Summer,Melbourne,Fencing,278
301,1956,Summer,Melbourne,Football,143
302,1956,Summer,Melbourne,Gymnastics,913
303,1956,Summer,Melbourne,Hockey,173
304,1956,Summer,Melbourne,Modern Pentathlon,76
305,1956,Summer,Melbourne,Rowing,258
306,1956,Summer,Melbourne,Sailing,154
307,1956,Summer,Melbourne,Shooting,219
308,1956,Summer,Melbourne,Swimming,356
309,1956,Summer,Melbourne,Water Polo,96
310,1956,Summer,Melbourne,Weightlifting,105
311,1956,Summer,Melbourne,Wrestling,195
312,1956,Summer,Stockholm,Equestrianism,298
321,1960,Summer,Roma,Athletics,1312
322,1960,Summer,Roma,Basketball,192
323,1960,Summer,Roma,Boxing,281
324,1960,Summer,Roma,Canoeing,211
325,1960,Summer,Roma,Cycling,423
326,1960,Summer,Roma,Diving,96
327,1960,Summer,Roma,Equestrianism,276
328,1960,Summer,Roma,Fencing,601
329,1960,Summer,Roma,Football,235
330,1960,Summer,Roma,Gymnastics,1746
331,1960,Summer,Roma,Hockey,236
332,1960,Summer,Roma,Modern Pentathlon,111
333,1960,Summer,Roma,Rowing,431
334,1960,Summer,Roma,Sailing,290
335,1960,Summer,Roma,Shooting,389
336,1960,Summer,Roma,Swimming,630
337,1960,Summer,Roma,Water Polo,150
338,1960,Summer,Roma,Weightlifting,172
339,1960,Summer,Roma,Wrestling,337
348,1964,Summer,Tokyo,Athletics,1335
349,1964,Summer,Tokyo,Basketball,189
350,1964,Summer,Tokyo,Boxing,269
351,1964,Summer,Tokyo,Canoeing,167
352,1964,Summer,Tokyo,Cycling,451
353,1964,Summer,Tokyo,Diving,102
354,1964,Summer,Tokyo,Equestrianism,224
355,1964,Summer,Tokyo,Fencing,481
356,1964,Summer,Tokyo,Football,214
357,1964,Summer,Tokyo,Gymnastics,1484
358,1964,Summer,Tokyo,Hockey,226
359,1964,Summer,Tokyo,Judo,72
360,1964,Summer,Tokyo,Modern Pentathlon,70
361,1964,Summer,Tokyo,Rowing,378
362,1964,Summer,Tokyo,Sailing,225
363,1964,Summer,Tokyo,Shooting,312
364,1964,Summer,Tokyo,Swimming,736
365,1964,Summer,Tokyo,Volleyball,179
366,1964,Summer,Tokyo,Water Polo,137
367,1964,Summer,Tokyo,Weightlifting,149
368,1964,Summer,Tokyo,Wrestling,302
379,1968,Summer,Mexico City,Athletics,1345
380,1968,Summer,Mexico City,Basketball,191
381,1968,Summer,Mexico City,Boxing,307
382,1968,Summer,Mexico City,Canoeing,203
383,1968,Summer,Mexico City,Cycling,483
384,1968,Summer,Mexico City,Diving,109
385,1968,Summer,Mexico City,Equestrianism,233
386,1968,Summer,Mexico City,Fencing,490
387,1968,Summer,Mexico City,Football,273
388,1968,Summer,Mexico City,Gymnastics,1496
389,1968,Summer,Mexico City,Hockey,253
390,1968,Summer,Mexico City,Modern Pentathlon,93
391,1968,Summer,Mexico City,Rowing,358
392,1968,Summer,Mexico City,Sailing,252
393,1968,Summer,Mexico City,Shooting,410
394,1968,Summer,Mexico City,Swimming,1231
395,1968,Summer,Mexico City,Volleyball,206
396,1968,Summer,Mexico City,Water Polo,162
397,1968,Summer,Mexico City,Weightlifting,160
398,1968,Summer,Mexico City,Wrestling,333
409,1972,Summer,Munich,Archery,95
410,1972,Summer,Munich,Athletics,1686
411,1972,Summer,Munich,Basketball,190
412,1972,Summer,Munich,Boxing,354
413,1972,Summer,Munich,Canoeing,359
414,1972,Summer,Munich,Cycling,526
415,1972,Summer,Munich,Diving,124
416,1972,Summer,Munich,Equestrianism,326
417,1972,Summer,Munich,Fencing,499
418,1972,Summer,Munich,Football,269
419,1972,Summer,Munich,Gymnastics,1584
420,1972,Summer,Munich,Handball,243
421,1972,Summer,Munich,Hockey,263
422,1972,Summer,Munich,Judo,166
423,1972,Summer,Munich,Modern Pentathlon,116
424,1972,Summer,Munich,Rowing,442
425,1972,Summer,Munich,Sailing,323
426,1972,Summer,Munich,Shooting,472
427,1972,Summer,Munich,Swimming,1263
428,1972,Summer,Munich,Volleyball,231
429,1972,Summer,Munich,Water Polo,176
430,1972,Summer,Munich,Weightlifting,188
431,1972,Summer,Munich,Wrestling,409
442,1976,Summer,Montreal,Archery,64
443,1976,Summer,Montreal,Athletics,1297
444,1976,Summer,Montreal,Basketball,213
445,1976,Summer,Montreal,Boxing,266
446,1976,Summer,Montreal,Canoeing,340
447,1976,Summer,Montreal,Cycling,392
448,1976,Summer,Montreal,Diving,105
449,1976,Summer,Montreal,Equestrianism,246
450,1976,Summer,Montreal,Fencing,485
451,1976,Summer,Montreal,Football,202
452,1976,Summer,Montreal,Gymnastics,1204
453,1976,Summer,Montreal,Handball,243
454,1976,Summer,Montreal,Hockey,172
455,1976,Summer,Montreal,Judo,154
456,1976,Summer,Montreal,Modern Pentathlon,89
457,1976,Summer,Montreal,Rowing,598
458,1976,Summer,Montreal,Sailing,257
459,1976,Summer,Montreal,Shooting,369
460,1976,Summer,Montreal,Swimming,1076
461,1976,Summer,Montreal,Volleyball,216
462,1976,Summer,Montreal,Water Polo,131
463,1976,Summer,Montreal,Weightlifting,173
464,1976,Summer,Montreal,Wrestling,349
475,1980,Summer,Moskva,Archery,67
476,1980,Summer,Moskva,Athletics,1268
477,1980,Summer,Moskva,Basketball,215
478,1980,Summer,Moskva,Boxing,271
479,1980,Summer,Moskva,Canoeing,253
480,1980,Summer,Moskva,Cycling,307
481,1980,Summer,Moskva,Diving,88
482,1980,Summer,Moskva,Equestrianism,122
483,1980,Summer,Moskva,Fencing,321
484,1980,Summer,Moskva,Football,256
485,1980,Summer,Moskva,Gymnastics,866
486,1980,Summer,Moskva,Handball,248
487,1980,Summer,Moskva,Hockey,187
488,1980,Summer,Moskva,Judo,193
489,1980,Summer,Moskva,Modern Pentathlon,79
490,1980,Summer,Moskva,Rowing,488
491,1980,Summer,Moskva,Sailing,156
492,1980,Summer,Moskva,Shooting,267
493,1980,Summer,Moskva,Swimming,761
494,1980,Summer,Moskva,Volleyball,204
495,1980,Summer,Moskva,Water Polo,132
496,1980,Summer,Moskva,Weightlifting,172
497,1980,Summer,Moskva,Wrestling,270
508,1984,Summer,Los Angeles,Archery,109
509,1984,Summer,Los Angeles,Athletics,1674
510,1984,Summer,Los Angeles,Basketball,213
511,1984,Summer,Los Angeles,Boxing,354
512,1984,Summer,Los Angeles,Canoeing,299
513,1984,Summer,Los Angeles,Cycling,475
514,1984,Summer,Los Angeles,Diving,101
515,1984,Summer,Los Angeles,Equestrianism,281
516,1984,Summer,Los Angeles,Fencing,424
517,1984,Summer,Los Angeles,Football,246
518,1984,Summer,Los Angeles,Gymnastics,930
519,1984,Summer,Los Angeles,Handball,259
520,1984,Summer,Los Angeles,Hockey,286
521,1984,Summer,Los Angeles,Judo,212
522,1984,Summer,Los Angeles,Modern Pentathlon,103
523,1984,Summer,Los Angeles,Rhythmic Gymnastics,33
524,1984,Summer,Los Angeles,Rowing,465
525,1984,Summer,Los Angeles,Sailing,300
526,1984,Summer,Los Angeles,Shooting,539
527,1984,Summer,Los Angeles,Swimming,1232
528,1984,Summer,Los Angeles,Synchronized Swimming,86
529,1984,Summer,Los Angeles,Volleyball,208
530,1984,Summer,Los Angeles,Water Polo,153
531,1984,Summer,Los Angeles,Weightlifting,186
532,1984,Summer,Los Angeles,Wrestling,286
543,1988,Summer,Seoul,Archery,257
544,1988,Summer,Seoul,Athletics,2062
545,1988,Summer,Seoul,Basketball,236
546,1988,Summer,Seoul,Boxing,432
547,1988,Summer,Seoul,Canoeing,388
548,1988,Summer,Seoul,Cycling,518
549,1988,Summer,Seoul,Diving,108
550,1988,Summer,Seoul,Equestrianism,324
551,1988,Summer,Seoul,Fencing,506
552,1988,Summer,Seoul,Football,270
553,1988,Summer,Seoul,Gymnastics,1217
554,1988,Summer,Seoul,Handball,281
555,1988,Summer,Seoul,Hockey,314
556,1988,Summer,Seoul,Judo,243
557,1988,Summer,Seoul,Modern Pentathlon,122
558,1988,Summer,Seoul,Rhythmic Gymnastics,39
559,1988,Summer,Seoul,Rowing,624
560,1988,Summer,Seoul,Sailing,375
561,1988,Summer,Seoul,Shooting,545
562,1988,Summer,Seoul,Swimming,1614
563,1988,Summer,Seoul,Synchronized Swimming,76
564,1988,Summer,Seoul,Table Tennis,206
565,1988,Summer,Seoul,Tennis,202
566,1988,Summer,Seoul,Volleyball,239
567,1988,Summer,Seoul,Water Polo,156
568,1988,Summer,Seoul,Weightlifting,226
569,1988,Summer,Seoul,Wrestling,457
580,1992,Summer,Barcelona,Archery,247
581,1992,Summer,Barcelona,Athletics,2054
582,1992,Summer,Barcelona,Badminton,226
583,1992,Summer,Barcelona,Baseball,160
584,1992,Summer,Barcelona,Basketball,236
585,1992,Summer,Barcelona,Boxing,336
586,1992,Summer,Barcelona,Canoeing,587
587,1992,Summer,Barcelona,Cycling,566
588,1992,Summer,Barcelona,Diving,112
589,1992,Summer,Barcelona,Equestrianism,404
590,1992,Summer,Barcelona,Fencing,458
591,1992,Summer,Barcelona,Football,272
592,1992,Summer,Barcelona,Gymnastics,1255
593,1992,Summer,Barcelona,Handball,292
594,1992,Summer,Barcelona,Hockey,314
595,1992,Summer,Barcelona,Judo,433
596,1992,Summer,Barcelona,Modern Pentathlon,117
597,1992,Summer,Barcelona,Rhythmic Gymnastics,42
598,1992,Summer,Barcelona,Rowing,661
599,1992,Summer,Barcelona,Sailing,441
600,1992,Summer,Barcelona,Shooting,564
601,1992,Summer,Barcelona,Swimming,1615
602,1992,Summer,Barcelona,Synchronized Swimming,89
603,1992,Summer,Barcelona,Table Tennis,248
604,1992,Summer,Barcelona,Tennis,250
605,1992,Summer,Barcelona,Volleyball,231
606,1992,Summer,Barcelona,Water Polo,152
607,1992,Summer,Barcelona,Weightlifting,244
608,1992,Summer,Barcelona,Wrestling,371
633,1996,Summer,Atlanta,Archery,218
634,1996,Summer,Atlanta,Athletics,2386
635,1996,Summer,Atlanta,Badminton,263
636,1996,Summer,Atlanta,Baseball,160
637,1996,Summer,Atlanta,Basketball,284
638,1996,Summer,Atlanta,Beach Volleyball,84
639,1996,Summer,Atlanta,Boxing,355
640,1996,Summer,Atlanta,Canoeing,575
641,1996,Summer,Atlanta,Cycling,584
642,1996,Summer,Atlanta,Diving,139
643,1996,Summer,Atlanta,Equestrianism,343
644,1996,Summer,Atlanta,Fencing,388
645,1996,Summer,Atlanta,Football,388
646,1996,Summer,Atlanta,Gymnastics,1397
647,1996,Summer,Atlanta,Handball,300
648,1996,Summer,Atlanta,Hockey,320
649,1996,Summer,Atlanta,Judo,387
650,1996,Summer,Atlanta,Modern Pentathlon,32
651,1996,Summer,Atlanta,Rhythmic Gymnastics,90
652,1996,Summer,Atlanta,Rowing,621
653,1996,Summer,Atlanta,Sailing,458
654,1996,Summer,Atlanta,Shooting,612
655,1996,Summer,Atlanta,Softball,120
656,1996,Summer,Atlanta,Swimming,1635
657,1996,Summer,Atlanta,Synchronized Swimming,72
658,1996,Summer,Atlanta,Table Tennis,251
659,1996,Summer,Atlanta,Tennis,246
660,1996,Summer,Atlanta,Volleyball,275
661,1996,Summer,Atlanta,Water Polo,153
662,1996,Summer,Atlanta,Weightlifting,243
663,1996,Summer,Atlanta,Wrestling,401
678,2000,Summer,Sydney,Archery,206
679,2000,Summer,Sydney,Athletics,2468
680,2000,Summer,Sydney,Badminton,225
681,2000,Summer,Sydney,Baseball,192
682,2000,Summer,Sydney,Basketball,286
683,2000,Summer,Sydney,Beach Volleyball,96
684,2000,Summer,Sydney,Boxing,307
685,2000,Summer,Sydney,Canoeing,448
686,2000,Summer,Sydney,Cycling,621
687,2000,Summer,Sydney,Diving,238
688,2000,Summer,Sydney,Equestrianism,295
689,2000,Summer,Sydney,Fencing,349
690,2000,Summer,Sydney,Football,391
691,2000,Summer,Sydney,Gymnastics,1144
692,2000,Summer,Sydney,Handball,323
693,2000,Summer,Sydney,Hockey,350
694,2000,Summer,Sydney,Judo,398
695,2000,Summer,Sydney,Modern Pentathlon,48
696,2000,Summer,Sydney,Rhythmic Gymnastics,84
697,2000,Summer,Sydney,Rowing,561
698,2000,Summer,Sydney,Sailing,402
699,2000,Summer,Sydney,Shooting,599
700,2000,Summer,Sydney,Softball,120
701,2000,Summer,Sydney,Swimming,1741
702,2000,Summer,Sydney,Synchronized Swimming,117
703,2000,Summer,Sydney,Table Tennis,268
704,2000,Summer,Sydney,Taekwondo,102
705,2000,Summer,Sydney,Tennis,248
706,2000,Summer,Sydney,Trampolining,24
707,2000,Summer,Sydney,Triathlon,100
708,2000,Summer,Sydney,Volleyball,279
709,2000,Summer,Sydney,Water Polo,231
710,2000,Summer,Sydney,Weightlifting,246
711,2000,Summer,Sydney,Wrestling,314
727,2004,Summer,Athina,Archery,212
728,2004,Summer,Athina,Athletics,2175
729,2004,Summer,Athina,Badminton,200
730,2004,Summer,Athina,Baseball,191
731,2004,Summer,Athina,Basketball,287
732,2004,Summer,Athina,Beach Volleyball,96
733,2004,Summer,Athina,Boxing,280
734,2004,Summer,Athina,Canoeing,434
735,2004,Summer,Athina,Cycling,623
736,2004,Summer,Athina,Diving,196
737,2004,Summer,Athina,Equestrianism,371
738,2004,Summer,Athina,Fencing,323
739,2004,Summer,Athina,Football,425
740,2004,Summer,Athina,Gymnastics,1151
741,2004,Summer,Athina,Handball,328
742,2004,Summer,Athina,Hockey,352
743,2004,Summer,Athina,Judo,384
744,2004,Summer,Athina,Modern Pentathlon,64
745,2004,Summer,Athina,Rhythmic Gymnastics,84
746,2004,Summer,Athina,Rowing,559
747,2004,Summer,Athina,Sailing,401
748,2004,Summer,Athina,Shooting,558
749,2004,Summer,Athina,Softball,118
750,2004,Summer,Athina,Swimming,1618
751,2004,Summer,Athina,Synchronized Swimming,117
752,2004,Summer,Athina,Table Tennis,260
753,2004,Summer,Athina,Taekwondo,124
754,2004,Summer,Athina,Tennis,252
755,2004,Summer,Athina,Trampolining,32
756,2004,Summer,Athina,Triathlon,99
757,2004,Summer,Athina,Volleyball,283
758,2004,Summer,Athina,Water Polo,255
759,2004,Summer,Athina,Weightlifting,249
760,2004,Summer,Athina,Wrestling,342
776,2008,Summer,Beijing,Archery,194
777,2008,Summer,Beijing,Athletics,2244
778,2008,Summer,Beijing,Badminton,184
779,2008,Summer,Beijing,Baseball,191
780,2008,Summer,Beijing,Basketball,287
781,2008,Summer,Beijing,Beach Volleyball,96
782,2008,Summer,Beijing,Boxing,283
783,2008,Summer,Beijing,Canoeing,436
784,2008,Summer,Beijing,Cycling,652
785,2008,Summer,Beijing,Diving,182
786,2008,Summer,Beijing,Equestrianism,340
787,2008,Summer,Beijing,Fencing,332
788,2008,Summer,Beijing,Football,469
789,2008,Summer,Beijing,Gymnastics,996
790,2008,Summer,Beijing,Handball,343
791,2008,Summer,Beijing,Hockey,387
792,2008,Summer,Beijing,Judo,386
793,2008,Summer,Beijing,Modern Pentathlon,72
794,2008,Summer,Beijing,Rhythmic Gymnastics,95
795,2008,Summer,Beijing,Rowing,563
796,2008,Summer,Beijing,Sailing,400
797,2008,Summer,Beijing,Shooting,577
798,2008,Summer,Beijing,Softball,120
799,2008,Summer,Beijing,Swimming,1749
800,2008,Summer,Beijing,Synchronized Swimming,117
801,2008,Summer,Beijing,Table Tennis,250
802,2008,Summer,Beijing,Taekwondo,126
803,2008,Summer,Beijing,Tennis,254
804,2008,Summer,Beijing,Trampolining,32
805,2008,Summer,Beijing,Triathlon,110
806,2008,Summer,Beijing,Volleyball,283
807,2008,Summer,Beijing,Water Polo,256
808,2008,Summer,Beijing,Weightlifting,253
809,2008,Summer,Beijing,Wrestling,343
825,2012,Summer,London,Archery,200
826,2012,Summer,London,Athletics,2278
827,2012,Summer,London,Badminton,182
828,2012,Summer,London,Basketball,287
829,2012,Summer,London,Beach Volleyball,96
830,2012,Summer,London,Boxing,283
831,2012,Summer,London,Canoeing,418
832,2012,Summer,London,Cycling,629
833,2012,Summer,London,Diving,181
834,2012,Summer,London,Equestrianism,350
835,2012,Summer,London,Fencing,345
836,2012,Summer,London,Football,467
837,2012,Summer,London,Gymnastics,848
838,2012,Summer,London,Handball,347
839,2012,Summer,London,Hockey,387
840,2012,Summer,London,Judo,384
841,2012,Summer,London,Modern Pentathlon,72
842,2012,Summer,London,Rhythmic Gymnastics,95
843,2012,Summer,London,Rowing,550
844,2012,Summer,London,Sailing,379
845,2012,Summer,London,Shooting,560
846,2012,Summer,London,Swimming,1538
847,2012,Summer,London,Synchronized Swimming,117
848,2012,Summer,London,Table Tennis,236
849,2012,Summer,London,Taekwondo,128
850,2012,Summer,London,Tennis,286
851,2012,Summer,London,Trampolining,32
852,2012,Summer,London,Triathlon,110
853,2012,Summer,London,Volleyball,287
854,2012,Summer,London,Water Polo,257
855,2012,Summer,London,Weightlifting,252
856,2012,Summer,London,Wrestling,339
872,2016,Summer,Rio de Janeiro,Archery,200
873,2016,Summer,Rio de Janeiro,Athletics,2508
874,2016,Summer,Rio de Janeiro,Badminton,177
875,2016,Summer,Rio de Janeiro,Basketball,281
876,2016,Summer,Rio de Janeiro,Beach Volleyball,96
877,2016,Summer,Rio de Janeiro,Boxing,283
878,2016,Summer,Rio de Janeiro,Canoeing,441
879,2016,Summer,Rio de Janeiro,Cycling,667
880,2016,Summer,Rio de Janeiro,Diving,178
881,2016,Summer,Rio de Janeiro,Equestrianism,355
882,2016,Summer,Rio de Janeiro,Fencing,346
883,2016,Summer,Rio de Janeiro,Football,473
884,2016,Summer,Rio de Janeiro,Golf,120
885,2016,Summer,Rio de Janeiro,Gymnastics,861
886,2016,Summer,Rio de Janeiro,Handball,353
887,2016,Summer,Rio de Janeiro,Hockey,390
888,2016,Summer,Rio de Janeiro,Judo,389
889,2016,Summer,Rio de Janeiro,Modern Pentathlon,72
890,2016,Summer,Rio de Janeiro,Rhythmic Gymnastics,96
891,2016,Summer,Rio de Janeiro,Rowing,550
892,2016,Summer,Rio de Janeiro,Rugby Sevens,299
893,2016,Summer,Rio de Janeiro,Sailing,380
894,2016,Summer,Rio de Janeiro,Shooting,555
895,2016,Summer,Rio de Janeiro,Swimming,1568
896,2016,Summer,Rio de Janeiro,Synchronized Swimming,118
897,2016,Summer,Rio de Janeiro,Table Tennis,236
898,2016,Summer,Rio de Janeiro,Taekwondo,126
899,2016,Summer,Rio de Janeiro,Tennis,286
900,2016,Summer,Rio de Janeiro,Trampolining,32
901,2016,Summer,Rio de Janeiro,Triathlon,110
902,2016,Summer,Rio de Janeiro,Volleyball,283
903,2016,Summer,Rio de Janeiro,Water Polo,258
904,2016,Summer,Rio de Janeiro,Weightlifting,255
905,2016,Summer,Rio de Janeiro,Wrestling,346
